{"0": 0.0638095238095238, "1": 0.08142857142857142, "2": 0.03571428571428571, "3": 0.03619047619047618, "4": 0.039999999999999994, "5": 0.08904761904761903, "6": 0.03428571428571428, "7": 0.06857142857142856, "8": 0.04285714285714285, "9": 0.035238095238095235, "10": 0.015238095238095235, "11": 0.07714285714285712, "12": 0.0876190476190476, "13": 0.019999999999999997, "14": 0.040952380952380955, "15": 0.006190476190476189, "16": 0.10190476190476189, "17": 0.04571428571428571, "18": 0.019047619047619046, "19": 0.0, "20": 0.012857142857142855, "21": 0.041428571428571426, "22": 0.0047619047619047615}